{
    "uid": "ff6a14371bc347d9a1526f5e64b29327",
    "scale": 0.10262525101079241,
    "center": [
        -0.026721179485321045,
        -0.010218590497970581,
        0.7491450309753418
    ],
    "resolution": 1024,
    "fovy": 0.5235987755982988,
    "sample_0": {
        "sample_frame": {
            "transform_matrix": [
                [
                    1.0,
                    1.871696033254608e-23,
                    -1.8369701465288538e-16,
                    -6.855666113616781e-16
                ],
                [
                    -1.8369701465288538e-16,
                    3.422854177870249e-08,
                    -0.9999999403953552,
                    -3.7320508075688776
                ],
                [
                    -1.871696033254608e-23,
                    0.9999999403953552,
                    3.422854177870249e-08,
                    2.28522203787226e-16
                ],
                [
                    0.0,
                    0.0,
                    0.0,
                    1.0
                ]
            ],
            "azimuth": 4.71238898038469,
            "elevation": 1.5707963267948966
        },
        "radius": 3.7320508075688776,
        "hdri": {
            "hdri_id": "christmas_photo_studio_05_1k",
            "strength": 1.8631541338182718,
            "rotation_euler": [
                0,
                -0.7984112858155763,
                0
            ]
        },
        "view_frames": [
            {
                "transform_matrix": [
                    [
                        0.8660253882408142,
                        -0.08682408928871155,
                        0.4924038350582123,
                        1.8376762849646513
                    ],
                    [
                        0.4999999701976776,
                        0.15038378536701202,
                        -0.8528684377670288,
                        -3.182948693423198
                    ],
                    [
                        1.8482523955754004e-08,
                        0.9848076701164246,
                        0.17364822328090668,
                        0.6480638216947316
                    ],
                    [
                        0.0,
                        0.0,
                        0.0,
                        1.0
                    ]
                ],
                "azimuth": 5.235987755982989,
                "elevation": 1.3962634015954636
            },
            {
                "transform_matrix": [
                    [
                        1.749719835686392e-08,
                        0.1736481487751007,
                        0.9848077297210693,
                        3.675352569929303
                    ],
                    [
                        1.0,
                        1.749719835686392e-08,
                        0.0,
                        -9.00201752100384e-16
                    ],
                    [
                        0.0,
                        0.9848077297210693,
                        -0.17364813387393951,
                        -0.6480638216947313
                    ],
                    [
                        0.0,
                        0.0,
                        0.0,
                        1.0
                    ]
                ],
                "azimuth": 6.283185307179586,
                "elevation": 1.7453292519943295
            },
            {
                "transform_matrix": [
                    [
                        -0.8660252690315247,
                        -0.08682415634393692,
                        0.49240386486053467,
                        1.8376762849646504
                    ],
                    [
                        0.5,
                        -0.1503836065530777,
                        0.8528684377670288,
                        3.182948693423199
                    ],
                    [
                        -7.75421540311072e-08,
                        0.9848076701164246,
                        0.17364823818206787,
                        0.6480638216947316
                    ],
                    [
                        0.0,
                        0.0,
                        0.0,
                        1.0
                    ]
                ],
                "azimuth": 7.3303828583761845,
                "elevation": 1.3962634015954636
            },
            {
                "transform_matrix": [
                    [
                        -0.8660252690315247,
                        -0.08682401478290558,
                        -0.49240389466285706,
                        -1.837676284964654
                    ],
                    [
                        -0.5,
                        0.15038378536701202,
                        0.8528684377670288,
                        3.182948693423197
                    ],
                    [
                        6.617727166258192e-08,
                        0.9848076701164246,
                        -0.17364805936813354,
                        -0.6480638216947313
                    ],
                    [
                        0.0,
                        0.0,
                        0.0,
                        1.0
                    ]
                ],
                "azimuth": 8.377580409572783,
                "elevation": 1.7453292519943295
            },
            {
                "transform_matrix": [
                    [
                        1.749719835686392e-08,
                        0.17364820837974548,
                        -0.9848077893257141,
                        -3.6753525699293026
                    ],
                    [
                        -1.0,
                        1.749719835686392e-08,
                        -5.418294435344251e-08,
                        1.3503026281505757e-15
                    ],
                    [
                        5.418294435344251e-08,
                        0.9848077893257141,
                        0.1736481636762619,
                        0.6480638216947316
                    ],
                    [
                        0.0,
                        0.0,
                        0.0,
                        1.0
                    ]
                ],
                "azimuth": 9.42477796076938,
                "elevation": 1.3962634015954636
            },
            {
                "transform_matrix": [
                    [
                        0.866025447845459,
                        -0.08682405203580856,
                        -0.49240386486053467,
                        -1.8376762849646566
                    ],
                    [
                        -0.4999999701976776,
                        -0.15038378536701202,
                        -0.8528686165809631,
                        -3.182948693423196
                    ],
                    [
                        -1.472219501863492e-08,
                        0.9848078489303589,
                        -0.17364822328090668,
                        -0.6480638216947313
                    ],
                    [
                        0.0,
                        0.0,
                        0.0,
                        1.0
                    ]
                ],
                "azimuth": 10.471975511965976,
                "elevation": 1.7453292519943295
            }
        ]
    }
}