{
    "uid": "fef8c7a37ebe46efba7efce99e39c3e0",
    "scale": 0.12366694257457041,
    "center": [
        -0.018519818782806396,
        -0.13921645283699036,
        0.42471641302108765
    ],
    "resolution": 1024,
    "fovy": 0.5235987755982988,
    "sample_0": {
        "sample_frame": {
            "transform_matrix": [
                [
                    1.1920928244535389e-07,
                    0.0,
                    0.9999998807907104,
                    3.7320508075688776
                ],
                [
                    0.9999998807907104,
                    1.1920928244535389e-07,
                    0.0,
                    0.0
                ],
                [
                    0.0,
                    0.9999998807907104,
                    1.1920928244535389e-07,
                    2.28522203787226e-16
                ],
                [
                    0.0,
                    0.0,
                    0.0,
                    1.0
                ]
            ],
            "azimuth": 0,
            "elevation": 1.5707963267948966
        },
        "radius": 3.7320508075688776,
        "hdri": {
            "hdri_id": "autumn_crossing_1k",
            "strength": 1.7571488016948131,
            "rotation_euler": [
                0,
                -3.0114668718558986,
                0
            ]
        },
        "view_frames": [
            {
                "transform_matrix": [
                    [
                        -0.5000000596046448,
                        -0.15038374066352844,
                        0.8528686165809631,
                        3.1829486934231985
                    ],
                    [
                        0.866025447845459,
                        -0.08682428300380707,
                        0.49240386486053467,
                        1.8376762849646509
                    ],
                    [
                        1.1786082154685573e-07,
                        0.9848077893257141,
                        0.1736481934785843,
                        0.6480638216947316
                    ],
                    [
                        0.0,
                        0.0,
                        0.0,
                        1.0
                    ]
                ],
                "azimuth": 0.5235987755982988,
                "elevation": 1.3962634015954636
            },
            {
                "transform_matrix": [
                    [
                        -1.000000238418579,
                        8.742278367890322e-08,
                        -3.6951490451448896e-15,
                        2.25050438025096e-16
                    ],
                    [
                        1.518080594564708e-08,
                        0.17364811897277832,
                        0.9848078489303589,
                        3.675352569929303
                    ],
                    [
                        8.609463719722044e-08,
                        0.9848078489303589,
                        -0.17364834249019623,
                        -0.6480638216947313
                    ],
                    [
                        0.0,
                        0.0,
                        0.0,
                        1.0
                    ]
                ],
                "azimuth": 1.5707963267948966,
                "elevation": 1.7453292519943295
            },
            {
                "transform_matrix": [
                    [
                        -0.5000000596046448,
                        0.15038374066352844,
                        -0.8528686165809631,
                        -3.1829486934231985
                    ],
                    [
                        -0.866025447845459,
                        -0.08682428300380707,
                        0.49240386486053467,
                        1.8376762849646509
                    ],
                    [
                        -1.1786082154685573e-07,
                        0.9848077893257141,
                        0.1736481934785843,
                        0.6480638216947316
                    ],
                    [
                        0.0,
                        0.0,
                        0.0,
                        1.0
                    ]
                ],
                "azimuth": 2.6179938779914944,
                "elevation": 1.3962634015954636
            },
            {
                "transform_matrix": [
                    [
                        0.5,
                        -0.15038372576236725,
                        -0.8528684973716736,
                        -3.1829486934231985
                    ],
                    [
                        -0.8660253882408142,
                        -0.08682405203580856,
                        -0.49240392446517944,
                        -1.837676284964652
                    ],
                    [
                        4.519721841234059e-08,
                        0.9848077893257141,
                        -0.1736481636762619,
                        -0.6480638216947313
                    ],
                    [
                        0.0,
                        0.0,
                        0.0,
                        1.0
                    ]
                ],
                "azimuth": 3.6651914291880923,
                "elevation": 1.7453292519943295
            },
            {
                "transform_matrix": [
                    [
                        1.0,
                        3.189865860611101e-17,
                        -1.8090623961502947e-16,
                        -6.751513140752879e-16
                    ],
                    [
                        -1.8369701465288538e-16,
                        0.17364826798439026,
                        -0.9848076701164246,
                        -3.6753525699293026
                    ],
                    [
                        3.049641596275805e-25,
                        0.9848076701164246,
                        0.17364826798439026,
                        0.6480638216947316
                    ],
                    [
                        0.0,
                        0.0,
                        0.0,
                        1.0
                    ]
                ],
                "azimuth": 4.71238898038469,
                "elevation": 1.3962634015954636
            },
            {
                "transform_matrix": [
                    [
                        0.5,
                        0.15038372576236725,
                        0.8528684973716736,
                        3.1829486934231976
                    ],
                    [
                        0.8660253882408142,
                        -0.08682405203580856,
                        -0.49240392446517944,
                        -1.8376762849646529
                    ],
                    [
                        -4.519721841234059e-08,
                        0.9848077893257141,
                        -0.1736481636762619,
                        -0.6480638216947313
                    ],
                    [
                        0.0,
                        0.0,
                        0.0,
                        1.0
                    ]
                ],
                "azimuth": 5.759586531581287,
                "elevation": 1.7453292519943295
            }
        ]
    }
}